District,Location,Types of Operating Hours,"For Vehicles Other Than Medium and Heavy Goods Vehicles, Buses, Motor Cycles and Pedal Cycles ",For Goods Vehicles,For Coaches
SOUTHERN,AP LEI CHAU PRAYA ROAD,H,37,8,8
SOUTHERN,BEACH ROAD (REPULSE BAY BEACH ROAD),D,19,0,3
SOUTHERN,BEACH ROAD CAR PARK,D,26,0,0
SOUTHERN,BIG WAVE BAY ROAD,H,42,0,0
SOUTHERN,BIG WAVE BAY ROAD CAR PARK,H,50,2,3
SOUTHERN,CARMAL ROAD,F,2,0,0
SOUTHERN,CYBERPORT ROAD,D,2,0,0
SOUTHERN,HUNG SHING STREET,D,2,0,0
SOUTHERN,INFORMATION CRESCENT,H,28,0,2
SOUTHERN,ISLAND ROAD,D,79,0,0
SOUTHERN,KA WO STREET,J,6,0,0
SOUTHERN,LEE KING STREET,H,12,0,0
SOUTHERN,LEE NAM ROAD,H,0,2,0
SOUTHERN,NORTHCOTE CLOSE,J,2,0,0
SOUTHERN,PING LAN STREET,D,5,0,0
SOUTHERN,SAN SHI STREET,D,3,0,0
SOUTHERN,SHEK O HEADLAND ROAD,H,7,0,0
SOUTHERN,SHEK PAI WAN ROAD CAR PARK,D,5,0,0
SOUTHERN,SOUTH BAY ROAD,D,54,0,0
SOUTHERN,St. STEPHEN'S BEACH,D,8,0,0
SOUTHERN,STANLEY BEACH ROAD,D,18,0,4
SOUTHERN,STANLEY BEACH ROAD CAR PARK,D,39,0,0
SOUTHERN,STANLEY BEACH ROAD CAR PARK,F,17,0,0
SOUTHERN,STANLEY LINK ROAD,D,5,0,0
SOUTHERN,STANLEY MOUNT ROAD,D,32,0,3
SOUTHERN,STANLEY MOUNT ROAD,H,3,0,0
SOUTHERN,TAI TAM RESERVOIR ROAD,H,3,0,0
SOUTHERN,TAI TAM ROAD,D,19,0,0
SOUTHERN,TIN WAN HILL ROAD ,H,0,0,5
SOUTHERN,TIN WAN STREET,D,4,0,0
SOUTHERN,TIN WAN STREET,H,0,4,0
SOUTHERN,TONG BIN LANE,D,16,0,0
SOUTHERN,WONG MA KOK PATH,D,18,0,0
SOUTHERN,WONG MA KOK ROAD,F,4,0,0
SOUTHERN,YIP FAT STREET,D,3,0,0
SOUTHERN,YIP FAT STREET CAR PARK,D,6,0,0
SOUTHERN,YIP FAT STREET CAR PARK,H,0,4,0
SOUTHERN,YIP HING STREET,H,0,22,0
SOUTHERN,YUE KWONG ROAD,D,18,0,0
SOUTHERN,YUE KWONG ROAD,H,0,7,8
SOUTHERN,YUE LEI STREET,H,0,2,0
WAN CHAI,BOWRINGTON ROAD,D,4,0,0
WAN CHAI,BRIAR AVENUE,D,25,0,0
WAN CHAI,BROOM ROAD,D,6,0,0
WAN CHAI,BROWN STREET,D,6,0,0
WAN CHAI,BURROWS STREET,D,2,0,0
WAN CHAI,CAROLINE HILL ROAD,B,0,5,0
WAN CHAI,CAROLINE HILL ROAD,J,13,0,0
WAN CHAI,CHEONG MING STREET,D,10,0,0
WAN CHAI,COOMBE ROAD CAR PARK ,D,22,0,5
WAN CHAI,EXPO DRIVE,D,0,0,3
WAN CHAI,GLOUCESTER ROAD,J,0,0,3
WAN CHAI,GREEN LANE,D,4,0,0
WAN CHAI,HAWTHORN ROAD,D,3,0,0
WAN CHAI,HING WAN STREET,D,7,0,0
WAN CHAI,HOLLY ROAD,D,3,0,0
WAN CHAI,HUNG HING ROAD,D,24,0,0
WAN CHAI,JAFFE ROAD,D,129,0,0
WAN CHAI,KAT ON STREET,D,7,0,0
WAN CHAI,KENNEDY ROAD CAR PARK 1,D,8,0,0
WAN CHAI,KENNEDY ROAD CAR PARK 2,D,8,0,0
WAN CHAI,KING STREET,D,13,0,0
WAN CHAI,KWAI FONG STREET,D,6,0,0
WAN CHAI,LAI YIN STREET,D,5,0,0
WAN CHAI,LANDALE STREET,D,5,0,0
WAN CHAI,LAU LI STREET,D,1,0,0
WAN CHAI,LAU SIN STREET,D,7,0,0
WAN CHAI,LOCKHART ROAD,D,50,0,0
WAN CHAI,LUARD ROAD,D,15,0,0
WAN CHAI,LUN HING STREET,D,4,0,0
WAN CHAI,LUNG HOP STREET,D,0,0,4
WAN CHAI,LUNG KING STREET,D,6,0,0
WAN CHAI,MALLORY STREET,D,3,0,0
WAN CHAI,MIN FAT STREET,D,7,0,0
WAN CHAI,MONMOUTH PATH,J,6,0,0
WAN CHAI,MONMOUTH TERRACE CAR PARK,D,12,0,0
WAN CHAI,OI KWAN ROAD,D,40,0,0
WAN CHAI,OI KWAN ROAD,J,0,0,2
WAN CHAI,ORMSBY STREET,D,6,0,0
WAN CHAI,PO SHIN STREET,D,9,0,0
WAN CHAI,SCHOOL STREET,D,20,0,0
WAN CHAI,SHEPERD STREET,D,8,0,0
WAN CHAI,SHING PING STREET,D,12,0,0
WAN CHAI,SING WOO CRESCENT,D,11,0,0
WAN CHAI,SING WOO ROAD,D,5,0,0
WAN CHAI,STADIUM PATH,B,0,1,0
WAN CHAI,STADIUM PATH,S,9,0,0
WAN CHAI,STEWART ROAD,D,5,0,0
WAN CHAI,STONE NULLAH LANE,D,16,0,0
WAN CHAI,SUN CHUN STREET,D,19,0,0
WAN CHAI,TAI HANG ROAD CAR PARK,D,4,0,3
WAN CHAI,THOMSON ROAD,D,10,0,0
WAN CHAI,TSING FUNG STREET,D,4,0,0
WAN CHAI,TSUI MAN STREET,D,15,0,0
WAN CHAI,TSUN YUEN STREET,D,3,0,0
WAN CHAI,TUNG LO WAN ROAD,D,25,0,0
WAN CHAI,VENTRIS ROAD,D,51,0,0
WAN CHAI,VENTRIS ROAD,J,12,0,0
WAN CHAI,VICTORIA PARK CAR PARK,D,85,0,0
WAN CHAI,VILLAGE ROAD,D,21,0,0
WAN CHAI,WANG TAK STREET,D,11,0,0
WAN CHAI,WARREN STREET,D,4,0,0
WAN CHAI,WATSON ROAD,D,36,0,0
WAN CHAI,WHITFIELD ROAD,D,9,0,0
WAN CHAI,WONG NAI CHUNG ROAD,D,22,0,0
WAN CHAI,WOOD ROAD,J,6,0,0
WAN CHAI,WUN SHA STREET,D,42,0,0
WAN CHAI,YUEN YUEN STREET,D,2,0,0
WAN CHAI,YUK SAU STREET,D,19,0,0
CENTRAL AND WESTERN,BABINGTON PATH,D,7,0,0
CENTRAL AND WESTERN,BELCHER BAY,B,0,60,0
CENTRAL AND WESTERN,BONHAM STRAND,D,3,0,0
CENTRAL AND WESTERN,BOWEN DRIVE ,D,6,0,0
CENTRAL AND WESTERN,BOWEN DRIVE UPPER ,D,16,0,0
CENTRAL AND WESTERN,BOWEN ROAD,D,6,0,0
CENTRAL AND WESTERN,BREWIN PATH,D,5,0,0
CENTRAL AND WESTERN,CADOGAN STREET,H,0,4,0
CENTRAL AND WESTERN,CASTLE ROAD,D,10,0,0
CENTRAL AND WESTERN,COTTON TREE DRIVE (LOWER PEAK TRAM TERMINAL CAR PARK),D,14,0,2
CENTRAL AND WESTERN,COTTON TREE DRIVE CAR PARK,D,17,0,0
CENTRAL AND WESTERN,DAVIS STREET,D,4,0,0
CENTRAL AND WESTERN,FIRST STREET,D,11,0,0
CENTRAL AND WESTERN,FORBES STREET,H,0,4,0
CENTRAL AND WESTERN,FUNG MAT ROAD,B,0,27,0
CENTRAL AND WESTERN,HAU WO STREET,H,0,10,0
CENTRAL AND WESTERN,HIGH STREET,D,48,0,0
CENTRAL AND WESTERN,HILL ROAD,D,16,0,0
CENTRAL AND WESTERN,HILLER STREET,D,4,0,0
CENTRAL AND WESTERN,HOLLYWOOD ROAD,J,0,0,3
CENTRAL AND WESTERN,HORNSEY ROAD,D,14,0,0
CENTRAL AND WESTERN,JERVOIS STREET,D,29,0,0
CENTRAL AND WESTERN,KO SHING STREET,D,8,0,0
CENTRAL AND WESTERN,LOK KU ROAD ,D,28,0,3
CENTRAL AND WESTERN,LUNG WUI ROAD,D,12,0,0
CENTRAL AND WESTERN,LYTTELTON ROAD,D,5,0,0
CENTRAL AND WESTERN,MACDONNELL ROAD,D,5,0,0
CENTRAL AND WESTERN,MAY ROAD,D,14,0,0
CENTRAL AND WESTERN,MERCER STREET,D,5,0,0
CENTRAL AND WESTERN,MOSQUE STREET,D,2,0,0
CENTRAL AND WESTERN,MOUNT AUSTIN ROAD CAR PARK,D,21,0,0
CENTRAL AND WESTERN,MOUNT KELLETT ROAD,D,3,0,0
CENTRAL AND WESTERN,NEW PRAYA KENNEDY TOWN,D,14,0,0
CENTRAL AND WESTERN,NEW STREET,D,8,0,0
CENTRAL AND WESTERN,NORTH STREET,D,14,0,0
CENTRAL AND WESTERN,OLD BAILEY STREET,D,4,0,0
CENTRAL AND WESTERN,PEAK ROAD,D,26,0,0
CENTRAL AND WESTERN,PO HING FONG,D,3,0,0
CENTRAL AND WESTERN,PO TUCK STREET,D,10,0,0
CENTRAL AND WESTERN,POKFULAM ROAD (OLD POKFULAM ROAD),D,8,0,0
CENTRAL AND WESTERN,SECOND STREET,D,7,0,0
CENTRAL AND WESTERN,SEYMOUR ROAD,D,5,0,1
CENTRAL AND WESTERN,SEYMOUR ROAD,J,0,0,1
CENTRAL AND WESTERN,SOUTH LANE,J,2,0,0
CENTRAL AND WESTERN,THIRD STREET,D,5,0,0
CENTRAL AND WESTERN,TREGUNTER PATH,D,3,0,0
CENTRAL AND WESTERN,UPPER ALBERT ROAD,D,21,0,0
CENTRAL AND WESTERN,VICTORIA ROAD,D,4,0,0
EASTERN,BRAEMAR HILL ROAD,D,10,0,0
EASTERN,CHEUNG LEE STREET,H,0,5,0
EASTERN,CHONG FU ROAD,B,0,0,17
EASTERN,FUNG YIP STREET,H,0,8,0
EASTERN,HEALTHY STREET EAST,D,18,0,0
EASTERN,HEALTHY STREET WEST,D,20,0,0
EASTERN,HEALTHY STREET EAST,D,7,0,0
EASTERN,HOI CHAK STREET,D,6,0,0
EASTERN,HOI CHAK STREET,H,0,2,2
EASTERN,HOI YU STREET,J,0,0,0
EASTERN,HOLY CROSS PATH,D,3,0,0
EASTERN,JAVA ROAD,D,13,0,0
EASTERN,KAM WA STREET,D,4,0,0
EASTERN,KAM WA STREET,H,0,2,0
EASTERN,KUT SHING STREET,H,0,8,2
EASTERN,LEE CHUNG STREET,D,3,0,0
EASTERN,LEI KING ROAD,D,7,0,2
EASTERN,LOK MAN ROAD,D,4,0,0
EASTERN,MANSION STREET,D,6,0,0
EASTERN,MARBLE ROAD,D,4,0,0
EASTERN,NGOI MAN STREET,D,12,0,0
EASTERN,NORTH POINT ROAD,D,14,0,0
EASTERN,NORTH POINT ROAD,J,3,0,0
EASTERN,OI TAK STREET,D,9,0,0
EASTERN,OI YIN STREET,D,2,0,0
EASTERN,OI YIN STREET,J,3,0,0
EASTERN,ON YIP STREET,D,1,0,0
EASTERN,ON YIP STREET,H,0,9,0
EASTERN,PAK FU ROAD C/P,D,17,0,0
EASTERN,SAI WAN HO STREET,D,12,0,0
EASTERN,SAN HA STREET,D,46,0,0
EASTERN,SHUN FU STREET,D,8,0,0
EASTERN,SUI MAN ROAD,D,7,0,0
EASTERN,SUN SING STREET,H,0,10,0
EASTERN,SUN YIP STREET,H,0,5,0
EASTERN,TAI FOO STREET,D,3,0,0
EASTERN,TAI HONG STREET,D,37,0,0
EASTERN,TAI NING STREET,D,2,0,0
EASTERN,TIGER BALM GARDEN C/P,D,0,0,0
EASTERN,TIN CHEONG STREET,D,4,0,0
EASTERN,TIN HAU TEMPLE ROAD LOWER,D,12,0,0
EASTERN,TIN HAU TEMPLE ROAD UPPER,D,26,0,7
EASTERN,TSAT TSZ MUI ROAD C/P,D,27,0,0
EASTERN,TSUI WAN STREET,D,6,0,0
EASTERN,TUNG HEI ROAD C/P 1,D,17,0,0
EASTERN,TUNG HEI ROAD C/P 2,D,21,0,0
EASTERN,TUNG WONG ROAD,H,0,0,2
EASTERN,WAI HANG STREET,D,0,0,0
EASTERN,WANG WA STREET,D,9,0,0
EASTERN,YUET YUEN STREET,D,9,0,0
YAU TSIM MONG,ARTHUR STREET,D,5,0,0
YAU TSIM MONG,BATTERY STREET,D,10,33,0
YAU TSIM MONG,BOWRING STREET,D,22,0,0
YAU TSIM MONG,CANTON ROAD ,D,55,22,0
YAU TSIM MONG,CHEONG LOK STREET,D,18,0,0
YAU TSIM MONG,CLIFF ROAD,D,11,0,0
YAU TSIM MONG,FERRY STREET C/P,D,40,0,0
YAU TSIM MONG,HAMILTON STREET,D,9,0,0
YAU TSIM MONG,HI LUNG LANE,D,9,0,0
YAU TSIM MONG,KWUN CHUNG STREET,D,28,2,0
YAU TSIM MONG,MAN CHEONG STREET,D,35,0,0
YAU TSIM MONG,MAN WAI STREET,D,22,0,0
YAU TSIM MONG,MAN WUI STREET,D,4,0,0
YAU TSIM MONG,MAN YING STREET,D,19,0,0
YAU TSIM MONG,MAN YUEN STREET,D,21,0,0
YAU TSIM MONG,MAU LAM STREET,D,2,0,0
YAU TSIM MONG,NANKING STREET,D,7,0,0
YAU TSIM MONG,PAK HOI STREET,D,4,0,1
YAU TSIM MONG,PARKES STREET,D,57,0,0
YAU TSIM MONG,PITT STREET,D,36,0,0
YAU TSIM MONG,PORTLAND STREET,D,28,5,0
YAU TSIM MONG,PUBLIC SQUARE STREET,D,8,0,0
YAU TSIM MONG,RECLAMATION STREET ,D,7,3,0
YAU TSIM MONG,SAIGON STREET,D,0,0,3
YAU TSIM MONG,SHANGHAI STREET,D,8,7,0
YAU TSIM MONG,TAK CHEONG LANE,D,8,0,0
YAU TSIM MONG,TAK SHING STREET,D,0,0,0
YAU TSIM MONG,TEMPLE STREET,D,42,0,0
YAU TSIM MONG,TUNG FONG STREET,D,20,0,0
YAU TSIM MONG,TUNG ON STREET,D,16,5,0
YAU TSIM MONG,WAI CHING STREET,D,18,6,0
YAU TSIM MONG,WING SING LANE,D,0,3,0
YAU TSIM MONG,WOOSUNG STREET,D,58,1,0
YAU TSIM MONG,TO WAH ROAD COACH C/P,Q,0,0,0
YAU TSIM MONG,YAN CHEUNG ROAD C/P,Q,0,0,30
YAU TSIM MONG,AUSTIN AVE,D,11,0,0
YAU TSIM MONG,BLENHEIM AVE.,D,2,0,0
YAU TSIM MONG,BRISTOL AVE,D,0,0,4
YAU TSIM MONG,CAMERON LANE,D,13,0,0
YAU TSIM MONG,CAMERON ROAD,D,0,0,6
YAU TSIM MONG,CARNARVON ROAD,D,28,0,1
YAU TSIM MONG,CHATHAM COURT,D,10,0,0
YAU TSIM MONG,CHATHAM ROAD SOUTH,D,0,0,6
YAU TSIM MONG,GRANVILLE CIRCUIT,D,4,0,0
YAU TSIM MONG,GRANVILLE ROAD,D,10,0,2
YAU TSIM MONG,HANKOW ROAD,D,0,0,4
YAU TSIM MONG,HANOI ROAD,D,4,0,0
YAU TSIM MONG,HART AVE,D,19,0,0
YAU TSIM MONG,HAU FOOK STREET,D,8,0,0
YAU TSIM MONG,HILLWOOD ROAD,D,32,0,0
YAU TSIM MONG,HONG TAT PATH,D,0,0,11
YAU TSIM MONG,HUMPHERYS AVE,D,7,0,0
YAU TSIM MONG,KIMBERLEY ROAD,D,13,0,7
YAU TSIM MONG,KIMBERLEY STREET,D,12,0,0
YAU TSIM MONG,MINDEN AVE,D,2,0,0
YAU TSIM MONG,MODY ROAD,D,5,0,4
YAU TSIM MONG,OBSERVATORY COURT,D,1,0,0
YAU TSIM MONG,OBSERVATORY ROAD,D,11,0,0
YAU TSIM MONG,PRAT AVE.,D,0,0,0
YAU TSIM MONG,CHEONG TUNG RD. COACH PARK  1,D,0,0,33
YAU TSIM MONG,CHEONG TUNG RD. COACH PARK  2,D,0,0,14
YAU TSIM MONG,CHING SHAN STREET,D,0,0,3
YAU TSIM MONG,H.K. COLISEUM C/P,D,0,0,8
YAU TSIM MONG,CHI MAN STREET,D,4,0,0
YAU TSIM MONG,ARRAN STREET,D,17,0,0
YAU TSIM MONG,BUTE STREET,D,13,0,0
YAU TSIM MONG,CANTON ROAD ,D,20,5,3
YAU TSIM MONG,CEDAR STREET,D,15,0,0
YAU TSIM MONG,CHANGSHA STREET,D,6,0,0
YAU TSIM MONG,FA YUEN STREET,D,32,2,0
YAU TSIM MONG,HAK PO STREET,D,35,0,0
YAU TSIM MONG,KAM FONG STREET,D,10,0,0
YAU TSIM MONG,KAM LAM STREET,D,0,16,0
YAU TSIM MONG,KI LUNG STREET ,D,18,0,0
YAU TSIM MONG,KWONG WAH STREET,D,10,0,0
YAU TSIM MONG,PAK PO STREET,D,7,1,0
YAU TSIM MONG,PLAYING FIELD ROAD,D,21,0,0
YAU TSIM MONG,PORTLAND STREET ,D,26,2,2
YAU TSIM MONG,SAI YEE STREET,D,11,0,9
YAU TSIM MONG,SAI YEUNG CHOI STREET SOUTH,D,22,0,0
YAU TSIM MONG,SAI YEUNG CHOI STREET NORTH,D,31,0,0
YAU TSIM MONG,SHANTUNG STREET,D,9,0,0
YAU TSIM MONG,SOY STREET,D,13,0,0
YAU TSIM MONG,SCIENCE MUSEUM ROAD,D,0,0,4
YAU TSIM MONG,TAI NAN STREET ,D,34,0,0
YAU TSIM MONG,TUNG CHOI STREET,D,100,0,0
YAU TSIM MONG,ANCHOR STREET,Q,0,4,0
YAU TSIM MONG,BEDFORD ROAD,D,2,0,0
YAU TSIM MONG,BEDFORD ROAD,Q,0,36,0
YAU TSIM MONG,BEECH STREET,Q,0,13,0
YAU TSIM MONG,CHUNG WUI STREET,D,18,0,0
YAU TSIM MONG,ELM STREET,Q,0,10,0
YAU TSIM MONG,FIR STREET,Q,0,2,0
YAU TSIM MONG,FUK CHAK STREET,Q,0,4,0
YAU TSIM MONG,FUK TSUN STREET,D,4,0,0
YAU TSIM MONG,FUK TSUN STREET,Q,0,5,0
YAU TSIM MONG,IVY STREET,D,9,0,0
YAU TSIM MONG,CHUN WING STREET,D,4,0,0
YAU TSIM MONG,KOK CHEUNG STREET,D,6,0,0
YAU TSIM MONG,LARCH STREET,D,24,0,0
YAU TSIM MONG,LARCH STREET,Q,0,35,0
YAU TSIM MONG,LIME STREET,D,5,0,0
YAU TSIM MONG,LIME STREET,Q,0,9,0
YAU TSIM MONG,LOK KWAN STREET,D,20,0,0
YAU TSIM MONG,MAN ON STREET,D,9,0,0
YAU TSIM MONG,MAN ON STREET,Q,0,6,0
YAU TSIM MONG,MAPLE STREET,D,23,0,0
YAU TSIM MONG,MAPLE STREET ,Q,0,2,0
YAU TSIM MONG,OAK STREET,Q,0,19,0
YAU TSIM MONG,PALM STREET,Q,0,8,0
YAU TSIM MONG,PINE STREET,D,17,0,0
YAU TSIM MONG,POK HOK LANE,D,4,0,0
YAU TSIM MONG,SYCAMORE STREET,D,21,0,0
YAU TSIM MONG,TAI CHING STREET,Q,0,3,0
YAU TSIM MONG,TAI TSUN STREET,D,8,0,0
YAU TSIM MONG,TIT SHU STREET,D,9,0,0
YAU TSIM MONG,WALNUT STREET,Q,0,21,0
YAU TSIM MONG,WILLOW STREET,D,12,0,0
KOWLOON CITY,COLLEGE ROAD,D,23,0,0
KOWLOON CITY,CARPENTER ROAD,D,18,3,0
KOWLOON CITY,DUMBARTON ROAD ,D,8,0,0
KOWLOON CITY,FORFAR ROAD,D,18,0,0
KOWLOON CITY,FUK LO TSUN ROAD,D,55,0,0
KOWLOON CITY,GRAMPIAN ROAD,D,45,0,0
KOWLOON CITY,HAU WONG ROAD,D,51,6,0
KOWLOON CITY,INVERNESS ROAD,D,59,8,14
KOWLOON CITY,KAI TAK ROAD,D,6,3,0
KOWLOON CITY,LION ROCK ROAD,D,47,0,0
KOWLOON CITY,LUNG KONG ROAD,D,33,1,0
KOWLOON CITY,NAM KOK ROAD,D,45,1,0
KOWLOON CITY,NGA TSIN LONG ROAD,D,34,15,0
KOWLOON CITY,SA PO ROAD,D,18,0,0
KOWLOON CITY,SAU CHUK YUEN ROAD,D,46,0,0
KOWLOON CITY,SOUTH WALL ROAD,D,14,4,0
KOWLOON CITY,STIRLING ROAD,D,23,0,0
KOWLOON CITY,SHEK KU LUNG ROAD,D,7,0,0
KOWLOON CITY,TAK KU LING ROAD,D,12,5,0
KOWLOON CITY ,ANHUI STREET,D,10,0,0
KOWLOON CITY,BAILEY STREET,D,0,0,10
KOWLOON CITY,BAKER STREET,D,16,3,0
KOWLOON CITY,BULKELEY STREET,D,2,8,0
KOWLOON CITY,CHEONG HANG ROAD,D,0,0,3
KOWLOON CITY,CHI KIANG STREET,D,6,0,0
KOWLOON CITY,CHUN TIN STREET,D,9,0,0
KOWLOON CITY,COOKE STREET,D,0,9,0
KOWLOON CITY,DYER AVE,D,14,0,6
KOWLOON CITY,GILLIES AVE,D,18,2,0
KOWLOON CITY,HOK YUEN LANE,D,7,0,0
KOWLOON CITY,HOK YUEN STREET,D,14,0,0
KOWLOON CITY,HUNG FOOK STREET,D,13,0,0
KOWLOON CITY,KAI MING STREET,D,8,0,0
KOWLOON CITY,KIANG HSI STREET,D,8,0,0
KOWLOON CITY,KO SHAN ROAD,D,23,0,0
KOWLOON CITY,KUN YAM STREET,D,2,0,0
KOWLOON CITY,LO LUNG HANG STREET,D,11,0,0
KOWLOON CITY,MALACCA STREET,D,5,0,0
KOWLOON CITY,MAN TAI STREET,D,27,1,0
KOWLOON CITY,OI KING STREET,D,4,0,5
KOWLOON CITY,ON CHING ROAD,D,3,0,0
KOWLOON CITY,PAK KUNG STREET,D,22,0,0
KOWLOON CITY,SAN LAU STREET,D,17,0,0
KOWLOON CITY,SAN WAI STREET,D,17,0,0
KOWLOON CITY,SHANSI STREET,D,11,0,0
KOWLOON CITY,SHEK TONG STREET,D,4,7,0
KOWLOON CITY,SHUN YUNG STREET,D,17,0,0
KOWLOON CITY,STATION LANE,D,5,0,0
KOWLOON CITY,TSING CHAU STREET,D,13,0,0
KOWLOON CITY,VALLEY ROAD,D,9,0,0
KOWLOON CITY,WALKER ROAD,D,2,0,0
KOWLOON CITY,WING KWONG STREET,D,23,0,0
KOWLOON CITY,WINSLOW STREET,D,0,0,2
KOWLOON CITY,CHEUNG NING STREET,D,21,4,0
KOWLOON CITY,FARM ROAD,D,6,0,0
KOWLOON CITY,HA HEUNG ROAD,D,47,2,0
KOWLOON CITY,HOP YAT ROAD,D,26,0,0
KOWLOON CITY,KAU PUI LUNG ROAD,D,64,0,6
KOWLOON CITY,KIANG SU STREET,D,16,0,0
KOWLOON CITY,KING WAN STREET,D,0,4,6
KOWLOON CITY,KOWLOON CITY ROAD,D,55,11,6
KOWLOON CITY,LOK SHAN ROAD,D,28,3,0
KOWLOON CITY,MA HANG CHUNG ROAD,D,17,1,0
KOWLOON CITY,MA TAU KOK ROAD C/P,D,12,10,0
KOWLOON CITY,MAIDSTONE LANE,D,18,0,0
KOWLOON CITY,MAIDSTONE ROAD,D,93,0,0
KOWLOON CITY,MEI KING STREET,D,42,0,0
KOWLOON CITY,MEI KWONG STREET,D,12,0,0
KOWLOON CITY,MOK CHEONG STREET,D,2,9,0
KOWLOON CITY,PAK TAI STREET,D,29,0,0
KOWLOON CITY,PAU CHUNG STREET,D,31,4,0
KOWLOON CITY,SAN MA TAU STREET C/P,D,23,2,16
KOWLOON CITY,SAN SHAN ROAD,D,10,0,0
KOWLOON CITY,SHEUNG HEUNG ROAD,D,4,0,0
KOWLOON CITY,SHEUNG LOK STREET,D,6,4,6
KOWLOON CITY,SHING TAK STREET,D,10,0,0
KOWLOON CITY,SHUN FUNG STREET,D,15,0,4
KOWLOON CITY,SZE CHUEN STREET,D,14,0,0
KOWLOON CITY,TIN KWONG ROAD C/P,D,13,0,0
KOWLOON CITY,TIN KWONG ROAD C/P,S,14,0,0
KOWLOON CITY,YUK YAT STREET,D,4,2,0
KOWLOON CITY,YING CHOI PATH,D,3,0,0
KOWLOON CITY ,ARGYLE STREET,D,14,0,0
KOWLOON CITY,BRAGA CIRCUIT,H,6,0,0
KOWLOON CITY,CHUNG YEE STREET,S,9,0,0
KOWLOON CITY,DUNBAR ROAD,D,28,0,0
KOWLOON CITY,EMMA AVE,D,9,0,0
KOWLOON CITY,GOOD SHEPHERD STREET,D,10,0,0
KOWLOON CITY,HAU MAN STREET,D,5,0,0
KOWLOON CITY,HOMANTIN STREET,D,20,0,0
KOWLOON CITY,JULIA AVE,D,10,0,0
KOWLOON CITY,LIBERTY AVE,D,21,0,0
KOWLOON CITY,MAN FUK ROAD,D,17,0,0
KOWLOON CITY,MAN WAN ROAD,D,19,0,0
KOWLOON CITY,PEACE AVE,D,51,0,0
KOWLOON CITY,PERTH STREET,D,22,0,2
KOWLOON CITY,TWEED ROAD ,D,18,0,0
KOWLOON CITY,TWEED ROAD C/P,D,12,0,0
KOWLOON CITY,TWEED ROAD C/P ,B,0,0,5
KOWLOON CITY,VICTORY AVE,D,43,0,0
KOWLOON CITY ,BAPTIST UNIVERSITY ROAD,D,10,0,0
KOWLOON CITY,BAPTIST UNIVERSITY ROAD,Q,0,0,15
KOWLOON CITY ,BEACON HILL ROAD,D,9,0,0
KOWLOON CITY,BELFRAN ROAD,D,2,0,0
KOWLOON CITY,BROADCAST DRIVE,D,50,0,0
KOWLOON CITY,CAMBRIDGE ROAD,D,33,0,0
KOWLOON CITY,CHESTER ROAD,D,4,0,0
KOWLOON CITY,CUMBERLAND ROAD,D,13,0,0
KOWLOON CITY,DEVON ROAD,D,3,0,0
KOWLOON CITY,DORSET CRESCENT,D,3,0,0
KOWLOON CITY,DUKE STREET,D,8,0,0
KOWLOON CITY,DUMBARTON ROAD,D,11,0,0
KOWLOON CITY,DURHAM ROAD,D,3,0,0
KOWLOON CITY,EARL STREET,D,8,0,0
KOWLOON CITY,ESSEX CRESCENT,D,15,0,0
KOWLOON CITY,FESSENDEN ROAD,D,15,0,0
KOWLOON CITY,HAMPSHIRE ROAD,D,16,0,0
KOWLOON CITY,KAM SHING ROAD,D,17,0,0
KOWLOON CITY,LA SALLE ROAD,D,32,0,0
KOWLOON CITY,LINCOLN ROAD,D,6,0,0
KOWLOON CITY,MARCONI ROAD,D,23,0,0
KOWLOON CITY,OXFORD ROAD,D,32,0,0
KOWLOON CITY,STAFFORD ROAD,D,28,0,0
KOWLOON CITY,SURREY LANE,D,5,0,0
KOWLOON CITY,WILTSHIRE ROAD,D,4,0,0
SHAM SHUI PO,APLIU STREET,A,0,2,0
SHAM SHUI PO,APLIU STREET,D,62,0,0
SHAM SHUI PO,BERWICK STREET,D,19,0,0
SHAM SHUI PO,CHEUNG FAT STREET,D,11,0,0
SHAM SHUI PO,CHEUNG WAH STREET,A,0,1,0
SHAM SHUI PO,CHEUNG WAH STREET,D,13,0,0
SHAM SHUI PO,FAT TSEUNG STREET,D,17,0,1
SHAM SHUI PO,FUK WA STREET,A,0,25,0
SHAM SHUI PO,FUK WA STREET,D,91,0,0
SHAM SHUI PO,FUK WING STREET,A,2,34,1
SHAM SHUI PO,FUK WING STREET,D,89,0,0
SHAM SHUI PO,FUK WING STREET,J,0,0,2
SHAM SHUI PO,HAI TAN STREET,A,0,3,0
SHAM SHUI PO,HAI TAN STREET,D,7,0,0
SHAM SHUI PO,HANG CHEUNG STREET,D,5,0,0
SHAM SHUI PO,HING WAH STREET,D,28,0,0
SHAM SHUI PO,HING WAH STREET WEST C/P,A,0,10,0
SHAM SHUI PO,KI LUNG STREET S,D,56,0,0
SHAM SHUI PO,KI LUNG STREET S,A,0,8,0
SHAM SHUI PO,KIU KIANG STREET,D,15,0,0
SHAM SHUI PO,KIU YAM STREET,D,3,0,0
SHAM SHUI PO,KOWLOON ROAD,D,2,0,0
SHAM SHUI PO,KWEILIN STREET,A,0,4,0
SHAM SHUI PO,KWEILIN STREET,D,26,0,0
SHAM SHUI PO,KWONG LEE ROAD,D,19,0,0
SHAM SHUI PO,KWONG SHING STREET,D,9,0,0
SHAM SHUI PO,KING LAM STREET,D,8,0,0
SHAM SHUI PO,MAPLE STREET,D,30,0,0
SHAM SHUI PO,NAM SHAN CHUEN ROAD,D,0,6,0
SHAM SHUI PO,PEI HO STREET,D,6,0,0
SHAM SHUI PO,PO ON ROAD,A,0,1,0
SHAM SHUI PO,PO ON ROAD,D,21,0,0
SHAM SHUI PO,POPLAR STREET,D,6,0,0
SHAM SHUI PO,PRATAS STREET,D,36,0,0
SHAM SHUI PO,SAI YEUNG CHOI LANE,D,5,0,0
SHAM SHUI PO,SAI YEUNG CHOI STREET NORTH,D,35,0,0
SHAM SHUI PO,SHEK KIP MEI STREET,D,63,0,0
SHAM SHUI PO,SHUN NING ROAD,A,0,4,0
SHAM SHUI PO,SHUN NING ROAD,D,96,0,0
SHAM SHUI PO,TAI NAN STREET S,D,53,0,0
SHAM SHUI PO,TAI NAN STREET S,A,0,8,0
SHAM SHUI PO,TAI NAN WEST STREET,D,2,0,0
SHAM SHUI PO,TONG YAM STREET,D,7,0,0
SHAM SHUI PO,TONKIN STREET,A,0,2,0
SHAM SHUI PO,TONKIN STREET,D,6,0,0
SHAM SHUI PO,TONKIN STREET,H,6,0,0
SHAM SHUI PO,TSAP FAI STREET,D,2,0,0
SHAM SHUI PO,WAI CHI LANE,D,24,0,0
SHAM SHUI PO,WAI CHI LANE,A,0,4,0
SHAM SHUI PO,WAI CHI STREET,D,34,0,0
SHAM SHUI PO,WAI WAI ROAD,A,0,6,0
SHAM SHUI PO,WAI WAI ROAD,D,8,0,0
SHAM SHUI PO,WING HONG STREET,B,0,31,0
SHAM SHUI PO,WING HONG STREET,D,10,0,0
SHAM SHUI PO,WOH CHAI STREET,D,3,0,0
SHAM SHUI PO,YEE KUK STREET,D,21,0,0
SHAM SHUI PO,YIU TUNG STREET,D,17,0,0
SHAM SHUI PO,YU CHAU WEST STREET,B,0,2,0
SHAM SHUI PO,YUET LUN STREET,D,8,0,0
SHAM SHUI PO ,BEGONIA ROAD,D,42,0,0
SHAM SHUI PO,CASSIA ROAD,D,32,0,0
SHAM SHUI PO,DIANTHUS ROAD,D,17,0,0
SHAM SHUI PO,FA PO STREET,D,4,0,0
SHAM SHUI PO,MAGNOLIA ROAD,D,25,0,0
SHAM SHUI PO,MARIGOLD ROAD,D,20,0,0
SHAM SHUI PO,OSMANTHUS ROAD,D,15,0,0
SHAM SHUI PO,PEONY ROAD,D,18,0,0
SHAM SHUI PO,VERBENA ROAD,D,22,0,0
SHAM SHUI PO,WISTARIA ROAD,D,15,0,0
WONG TAI SIN,HONG KEUNG STREET,D,4,0,0
WONG TAI SIN,KAM WING STREET,D,6,0,0
WONG TAI SIN,KING FUK STREET,B,0,3,0
WONG TAI SIN,KING FUK STREET,D,12,0,0
WONG TAI SIN,LUK HOP STREET,B,0,7,0
WONG TAI SIN,NING YUEN STREET C/P,D,42,0,0
WONG TAI SIN,PAT TAT STREET,B,0,6,0
WONG TAI SIN,SAM CHUK STREET,B,0,12,0
WONG TAI SIN,SAM CHUK STREET C/P,B,0,23,0
WONG TAI SIN,SHEUNG HEI STREET,B,0,14,0
WONG TAI SIN,SZE MEI STREET,D,2,0,0
WONG TAI SIN,SZE MEI STREET,B,0,0,0
WONG TAI SIN,TSAT PO STREET,B,0,9,0
WONG TAI SIN,TUNG LEI ROAD C/P,D,5,0,0
WONG TAI SIN,YAN OI STREET,D,8,0,0
WONG TAI SIN,YIN HING STREET,D,7,0,0
WONG TAI SIN,FU WAN STREET,D,7,0,0
KOWLOON CITY,HENG LAM STREET,D,2,0,0
WONG TAI SIN,JUNCTION ROAD,D,6,0,0
WONG TAI SIN,TSING ON STREET,D,14,0,0
WONG TAI SIN,FEI FUNG STREET,A,0,9,0
WONG TAI SIN,FEI FUNG STREET,D,6,0,0
WONG TAI SIN,FUNG SHING STREET,D,15,0,0
WONG TAI SIN,KAM FUNG STREET,A,0,2,0
WONG TAI SIN,KING TUNG STREET,D,2,0,0
WONG TAI SIN,MING FUNG STREET,A,0,7,0
WONG TAI SIN,NGAN FUNG STREET,D,13,8,0
WONG TAI SIN,PING TING ROAD,D,15,0,0
WONG TAI SIN,PO KONG VILLAGE ROAD C/P,D,4,0,0
WONG TAI SIN,TSUI FUNG STREET,A,0,5,0
WONG TAI SIN,TSUI FUNG STREET,D,13,0,0
WONG TAI SIN,WAN FUNG STREET,D,51,0,0
WONG TAI SIN,YUK WAH CRESCENT,A,0,3,0
WONG TAI SIN,YUK WAH CRESCENT,D,45,0,0
WONG TAI SIN,YUK WAH STREET C/P,A,0,9,0
KWUN TONG,CHO YUEN STREET,H,0,14,0
KWUN TONG,CHONG YIP STREET,H,0,3,0
KWUN TONG,HOW MING STREET,H,0,3,0
KWUN TONG,HUNG TO ROAD,H,0,4,0
KWUN TONG,KA LOK STREET,D,6,0,0
KWUN TONG,KA WING STREET,S,8,0,0
KWUN TONG,KA WING STREET,D,4,0,0
KWUN TONG,KAI LIM ROAD,D,14,0,0
KWUN TONG,KO FAI ROAD,D,5,0,0
KWUN TONG,KO FAI ROAD,H,0,4,0
KWUN TONG,PING SHING LANE,D,4,0,0
KWUN TONG,SHUI NING STREET,D,36,0,0
KWUN TONG,SHUI WO STREET,D,22,0,0
KWUN TONG,SHUNG SHUN STREET,N,0,0,4
KWUN TONG,TIN HEUNG STREET,D,5,0,0
KWUN TONG,TSUN YIP STREET,H,0,12,0
KWUN TONG,TUNG YUEN STREET,H,0,3,0
KWUN TONG,TUNG YUEN STREET,N,0,0,5
KWUN TONG,WAN HON STREET,D,13,0,0
KWUN TONG,WAN HON STREET,H,0,10,0
KWUN TONG,YAU HONG STREET,D,3,0,0
KWUN TONG,YUET WAH STREET,D,155,0,0
KWUN TONG,HOI BUN ROAD,H,35,0,4
KWUN TONG,HOI BUN ROAD,J,2,0,1
KWUN TONG,HANG ON STREET,D,18,0,0
KWUN TONG,HORSE SHOE LANE,D,5,0,0
KWUN TONG,KAI LOK STREET,D,11,0,0
KWUN TONG,KAI LOK STREET,H,0,0,15
KWUN TONG,KAI WAH STREET,D,2,0,2
KWUN TONG,LEE ON LANE,D,10,0,0
KWUN TONG,MING CHI STREET,D,3,0,0
KWUN TONG,ON SHIN ROAD,D,6,0,0
KWUN TONG,TING ON STREET,D,17,10,0
KWUN TONG,TING YIP STREET,D,14,0,0
KWUN TONG,WANG CHIN STREET,D,12,0,0
KWAI TSING,CHEUNG FAI ROAD,H,2,32,0
KWAI TSING,CHEUNG LUNG STREET,H,0,4,0
KWAI TSING,CHEUNG TAT ROAD,H,6,0,0
KWAI TSING,FUNG SHUE WO ROAD,Q,7,0,0
KWAI TSING,KA TING ROAD,D,3,0,0
KWAI TSING,KO FONG STREET,D,13,0,0
KWAI TSING,KWAI CHEONG ROAD,H,0,0,2
KWAI TSING,KWAI FAT ROAD,H,0,3,0
KWAI TSING,KWAI SAU ROAD,H,0,2,0
KWAI TSING,KWAI SAU ROAD CAR PARK,D,27,0,0
KWAI TSING,KWAI SAU ROAD CAR PARK,H,0,13,0
KWAI TSING,KWAI TAK STREET,H,0,8,0
KWAI TSING,KWAI TING ROAD,D,6,0,0
KWAI TSING,KWAI WING ROAD,H,0,8,0
KWAI TSING,KWAI WING ROAD CAR PARK,D,11,0,0
KWAI TSING,KWAI WO STREET,H,0,7,0
KWAI TSING,KWONG FAI CIRCUIT,D,36,0,0
KWAI TSING,KWONG FAI CIRCUIT,H,0,5,0
KWAI TSING,KWONG FAI LANE,D,17,0,0
KWAI TSING,LAI FONG STREET,H,0,5,0
KWAI TSING,LAI LEI FA STREET,D,7,2,0
KWAI TSING,Lantau Link Viewing Platform C/P,H,24,0,0
KWAI TSING,SHEK LI STREET,D,5,0,0
KWAI TSING,SHEK PUI STREET,D,6,0,0
KWAI TSING,SHEK TAU STREET,D,23,0,0
KWAI TSING,SHEK YAM ROAD ,D,14,0,0
KWAI TSING,SHEK YAM ROAD CAR PARK ,D,33,0,0
KWAI TSING,SHING FONG STREET,D,13,0,0
KWAI TSING,SHING YIU STREET,H,5,0,0
KWAI TSING,SHUN FONG STREET,H,0,8,0
KWAI TSING,TA CHUEN PING STREET CAR PARK,D,24,0,0
KWAI TSING,TA CHUEN PING STREET CAR PARK,H,0,2,0
KWAI TSING,TAI HA STREET,H,0,6,0
KWAI TSING,TAI LOONG STREET CAR PARK 1,D,35,0,0
KWAI TSING,TAI LOONG STREET CAR PARK 2,D,20,0,0
KWAI TSING,TAI LOONG STREET CAR PARK 3,D,15,0,0
KWAI TSING,TAI WO HAU ROAD,D,12,0,0
KWAI TSING,TAI YUEN STREET,H,0,15,0
KWAI TSING,WING FONG ROAD,D,13,0,0
KWAI TSING,WO YI HOP ROAD,D,7,0,0
KWAI TSING,YAN FONG STREET,H,0,3,0
TSUEN WAN,A.C.P. EXHIBITION CENTRE CAR PARK,Q,0,0,0
TSUEN WAN,CASTLE PEAK ROAD - TING KAU,Q,22,0,0
TSUEN WAN,CASTLE PEAK ROAD - TSING LUNG TAU,Q,0,0,0
TSUEN WAN,CHUNG ON STREET,D,19,0,0
TSUEN WAN,FUI YIU KOK STREET,D,4,0,0
TSUEN WAN,HAM TIN STREET,D,4,0,0
TSUEN WAN,HAU TEI SQUARE,D,13,0,0
TSUEN WAN,HEUNG CHE STREET,D,12,0,0
TSUEN WAN,HEUNG WO STREET,D,89,0,0
TSUEN WAN,HOI PA STREET,D,14,0,0
TSUEN WAN,KWU HANG ROAD,H,0,3,0
TSUEN WAN,LEI SHU ROAD,D,8,0,0
TSUEN WAN,LO TAK COURT,D,85,0,0
TSUEN WAN,LO TAK COURT,H,0,25,0
TSUEN WAN,LO WAI ROAD,Q,0,0,5
TSUEN WAN,LO WAI ROAD CAR PARK 1,Q,28,0,0
TSUEN WAN,LO WAI ROAD CAR PARK 2,Q,9,0,0
TSUEN WAN,MARKET STREET,D,8,0,0
TSUEN WAN,PUN SHAN STREET,D,8,0,0
TSUEN WAN,SHA TSUI ROAD,D,8,0,0
TSUEN WAN,SHIU WO STREET,D,6,0,0
TSUEN WAN,TAI PEI SQUARE,D,24,0,0
TSUEN WAN,TAI UK  STREET ,D,20,0,0
TSUEN WAN,TAI UK  STREET ,H,0,1,0
TSUEN WAN,TING KAU CAR PARK,Q,24,0,0
TSUEN WAN,TSO KUNG STREET,H,0,4,0
TSUEN WAN,TSUEN KWAI STREET,D,5,0,0
TSUEN WAN,TSUEN WING STREET,H,0,2,0
TSUEN WAN,TUNG WO STREET ,Q,6,0,0
TSUEN WAN,TUNG WO STREET C/P 1,Q,16,0,0
TSUEN WAN,TUNG WO STREET C/P 2,Q,8,0,0
TSUEN WAN,TUNG WO STREET C/P 3,Q,8,0,0
TSUEN WAN,TUNG WO STREET C/P 4,Q,18,0,0
TUEN MUN,BUTTERFLY BEACH CAR PARK,Q,143,0,9
TUEN MUN,CASTLE PEAK ROAD - TAI LAM,Q,10,0,0
TUEN MUN,CASTLE PEAK ROAD CAR PARK - CASTLE PEAK BAY ROAD (NEAR CAFETERIA BEACH),Q,65,0,5
TUEN MUN,CASTLE PEAK ROAD CAR PARK - CASTLE PEAK BAY ROAD (NEAR GOLD COAST),D,159,0,0
TUEN MUN,FUNG ON STREET CAR PARK,Q,5,7,0
TUEN MUN,HO HOI STREET,Q,0,14,0
TUEN MUN,HO PONG STREET,Q,4,9,0
TUEN MUN,HOI WAH ROAD,Q,0,19,0
TUEN MUN,HUNG CHEUNG ROAD CAR PARK,Q,0,36,0
TUEN MUN,KADOORIE BEACH CAR PARK,Q,12,0,0
TUEN MUN,KIN FAT STREET,Q,0,4,0
TUEN MUN,KIN FUNG CIRCUIT,Q,0,12,5
TUEN MUN,KIN ON STREET CAR PARK,Q,24,0,0
TUEN MUN,KING FUNG PATH,Q,33,0,0
TUEN MUN,LAM TEI MAIN STREET,Q,8,0,0
TUEN MUN,LEUNG TAK STREET ,Q,4,0,0
TUEN MUN,LEUNG WAN STREET,Q,10,0,0
TUEN MUN,LUK YUEN STREET CAR PARK,Q,18,0,0
TUEN MUN,LUNG CHAK ROAD,Q,15,0,0
TUEN MUN,NG LAU ROAD,Q,28,0,0
TUEN MUN,SAM SHING STREET,Q,24,0,0
TUEN MUN,SAN HING ROAD ,Q,6,0,0
TUEN MUN,SAN HING ROAD CAR PARK,Q,16,0,0
TUEN MUN,SAN TSING STREET,Q,9,0,0
TUEN MUN,SAN WO LANE,Q,36,0,0
TUEN MUN,SIU LUN STREET CAR PARK,Q,19,0,0
TUEN MUN,TAK CHING COURT,Q,0,9,0
TUEN MUN,TAT YAN SQUARE,Q,17,0,0
TUEN MUN,TIN TEI YAN ROAD,Q,4,0,0
TUEN MUN,TSENG CHOI STREET,Q,0,3,0
TUEN MUN,TSENG CHOI STREET CAR PARK 1,Q,18,0,0
TUEN MUN,TSENG CHOI STREET CAR PARK 2,Q,14,0,0
TUEN MUN,TSING CHUEN WAI ROAD,Q,12,0,0
TUEN MUN,TSING CHUI PATH,Q,14,0,0
TUEN MUN,TSING FUK LANE,Q,20,0,0
TUEN MUN,TSING HOI CIRCUIT,Q,24,0,0
TUEN MUN,TSING PAK PATH,Q,11,0,0
TUEN MUN,TSING SIN STREET ,Q,11,0,0
TUEN MUN,TSING SIN STREET CAR PARK,Q,56,0,0
TUEN MUN,TSING WU SQUARE,Q,10,0,0
TUEN MUN,TSING WUI STREET ,Q,6,0,0
TUEN MUN,TSING WUI STREET CAR PARK,Q,23,0,0
TUEN MUN,TSING YEUNG CIRCUIT CAR PARK,Q,21,28,4
TUEN MUN,TSING YIN STREET,Q,7,1,0
TUEN MUN,TSING YIN STREET CAR PARK,Q,14,0,0
TUEN MUN,TUEN MUN HEUNG SZE WUI ROAD,Q,4,0,0
TUEN MUN,WU SHAN ROAD,Q,13,0,0
TUEN MUN,YAN CHING STREET,Q,0,2,0
TUEN MUN,YAN OI TONG CAR PARK ,Q,22,0,0
TUEN MUN,YAN OI TONG CIRCUIT,Q,15,0,0
TUEN MUN,YEUNG KING ROAD,Q,8,0,0
TUEN MUN,YEUNG TSING ROAD,Q,9,0,0
TUEN MUN,YIP WONG ROAD,Q,3,0,0
YUEN LONG,CHUN YIN SQUARE,Q,5,0,0
YUEN LONG,FUK WANG STREET CAR PARK,Q,30,0,0
YUEN LONG,FUNG KWAN STREET CAR PARK 1,Q,30,0,0
YUEN LONG,FUNG KWAN STREET CAR PARK 2,Q,22,9,0
YUEN LONG,FUNG LOK LANE,Q,13,6,0
YUEN LONG,FUNG YAU STREET EAST,Q,0,3,0
YUEN LONG,FUNG YAU STREET NORTH CAR PARK,Q,36,8,0
YUEN LONG,HONG YIP STREET CAR PARK,Q,31,25,0
YUEN LONG,HUNG MIN COURT,Q,36,0,0
YUEN LONG,HUNG SHUN ROAD CAR PARK,Q,17,0,0
YUEN LONG,KAM CHEUNG SQAURE,Q,53,6,0
YUEN LONG,KAM SHEUNG ROAD STATION CAR PARK,Q,9,0,2
YUEN LONG,KIN TAK STREET,Q,18,0,0
YUEN LONG,KIN TAK STREET CAR PARK 1,Q,22,13,0
YUEN LONG,KIN TAK STREET CAR PARK 2,Q,15,11,0
YUEN LONG,KIU FAT STREET,Q,2,4,9
YUEN LONG,KIU LOK SQUARE,Q,16,0,0
YUEN LONG,LAM HAU TSUEN ROAD,Q,10,0,0
YUEN LONG,LEUNG YIP STREET CAR PARK,Q,40,34,0
YUEN LONG,LOK MA CHAU ROAD,Q,17,3,2
YUEN LONG,LONG WO ROAD CAR PARK,Q,18,0,0
YUEN LONG,MA TIN ROAD,Q,8,2,0
YUEN LONG,NAM BIN WAI CAR PARK,Q,14,0,0
YUEN LONG,ON CHUN LANE,Q,9,0,0
YUEN LONG,ON HONG ROAD ,Q,15,4,0
YUEN LONG,ON LEUNG LANE,Q,9,0,0
YUEN LONG,ON SHUN STREET,Q,8,2,1
YUEN LONG,PING CHUK LANE,Q,46,7,0
YUEN LONG,PING SHUN STREET,Q,7,0,0
YUEN LONG,PING YEUNG LANE,Q,18,0,0
YUEN LONG,PO LOK SQUARE,Q,0,10,0
YUEN LONG,SAI CHING STREET,Q,24,9,0
YUEN LONG,SAI YU STREET,Q,6,4,0
YUEN LONG,SHAN PUI ROAD,Q,29,0,0
YUEN LONG,SHUI PIN WAI ROAD,Q,5,2,0
YUEN LONG,TONG YAN SAN CHUEN ROAD,Q,8,7,0
YUEN LONG,TOWN PARK ROAD NORTH CAR PARK,Q,50,0,4
YUEN LONG,TSUI SING ROAD,Q,10,0,0
YUEN LONG,TUNG TAI STREET,Q,0,4,0
YUEN LONG,WANG TAT PATH (WANG TAT ROAD),Q,13,0,0
YUEN LONG,WANG YIP STREET EAST,Q,0,8,0
YUEN LONG,YAN LOK SQUARE,Q,8,0,0
YUEN LONG,YUEN LONG TAI YUK ROAD CAR PARK,Q,27,0,4
SHA TIN,A KUNG KOK SHAN ROAD CAR PARK 2,Q,24,0,0
SHA TIN,CHAK CHEUNG STREET CAR PARK,Q,13,11,1
SHA TIN,CHIK CHUEN STREET,Q,6,0,0
SHA TIN,CHIK FU STREET,Q,12,8,0
SHA TIN,CHIK SHUN STREET,Q,23,3,0
SHA TIN,CHIK TAK LANE,Q,5,0,0
SHA TIN,CHUI TIN STREET ,Q,12,0,0
SHA TIN,CHUI TIN STREET CAR PARK,Q,29,0,4
SHA TIN,CHUNG LING ROAD CAR PARK,Q,24,0,0
SHA TIN,FU KIN STREET CAR PARK,Q,38,5,0
SHA TIN,FU TIN LANE,Q,43,6,0
SHA TIN,FUNG SHEK STREET C/P,Q,32,4,0
SHA TIN,HANG SHUN STREET CAR PARK,Q,52,22,0
SHA TIN,HIN KWAI LANE,Q,7,0,0
SHA TIN,HIN TIN STREET,Q,49,7,0
SHA TIN,HUNG MUI KUK ROAD,Q,8,0,5
SHA TIN,KAK TIN STREET,Q,65,0,0
SHA TIN,KAK TIN STREET CAR PARK,Q,52,0,0
SHA TIN,KAM SHAN COUNTRY PARK C/P,D,22,0,8
SHA TIN,KAM SHAN COUNTRY PARK C/P,A,35,0,0
SHA TIN,KENG HAU LANE CAR PARK,Q,12,0,0
SHA TIN,KWEI TEI SAN CHUEN ROAD,B,19,0,0
SHA TIN,KWONG SIN STREET CAR PARK 1,Q,42,0,0
SHA TIN,KWONG SIN STREET CAR PARK 2,Q,41,8,2
SHA TIN,LOK SHUN PATH,Q,15,1,0
SHA TIN,LOK WO SHA LANE,Q,35,0,8
SHA TIN,LOWER SHING MUN ROAD,Q,12,0,0
SHA TIN,MAN LAM ROAD,Q,27,0,0
SHA TIN,NGAU PEI SHA STREET CAR PARK 1,Q,28,9,0
SHA TIN,NGAU PEI SHA STREET CAR PARK 2,Q,40,0,0
SHA TIN,ON KING STREET CAR PARK,Q,21,0,0
SHA TIN,PAI TAU STREET,Q,4,0,0
SHA TIN,SHA TIN CENTRE STREET,Q,0,11,0
SHA TIN,SHA TIN TAU ROAD,Q,12,0,0
SHA TIN,SHAN MEI STREET,Q,9,0,0
SHA TIN,SHING HO ROAD,Q,12,0,0
SHA TIN,SHING WAN ROAD,Q,33,37,0
SHA TIN,TAI PO ROAD (LOOKOUT),Q,9,0,0
SHA TIN,TAI PO ROAD CAR PARK 2,Q,17,0,0
SHA TIN,TAI PO ROAD CAR PARK 3,Q,49,0,0
SHA TIN,TAI WAI NEW VILLAGE CAR PARK 1,Q,47,0,0
SHA TIN,TAI WAI NEW VILLAGE CAR PARK 2,Q,29,0,0
SHA TIN,TAI WAI ROAD,Q,13,0,0
SHA TIN,TIN SAM STREET CAR PARK,Q,53,7,0
SHA TIN,TO SHEK STREET CAR PARK 1,Q,32,3,0
SHA TIN,TO SHEK STREET CAR PARK 2,Q,16,9,0
SHA TIN,TSANG TAI UK VILLAGE CAR PARK (NEAR SHAN HA WAI),Q,14,0,0
SHA TIN,TUNG LO WAN HILL ROAD,Q,51,2,0
SHA TIN,WO CHE STREET ,Q,7,0,0
SHA TIN,WO HEUNG STREET,Q,3,2,0
SHA TIN,WO LIU HANG ROAD,Q,3,0,0
SHA TIN,WO SHING STREET,Q,9,0,0
SHA TIN,WO SHUI STREET,Q,2,5,0
SHA TIN,YAT CHEUNG STREET,Q,5,0,0
SHA TIN,YAU ON STREET CAR PARK,Q,23,0,0
SHA TIN,YI SHING SQUARE,Q,9,0,0
SHA TIN,YUEN CHAU KOK ROAD CAR PARK,Q,33,5,6
SHA TIN,YUEN CHEONG LANE,Q,0,0,10
SHA TIN,YUEN WO ROAD CAR PARK,Q,41,0,0
TAI PO,CHEUNG SHUE TAN CAR PARK,Q,77,0,0
TAI PO,CHUI LOK STREET,Q,16,0,0
TAI PO,CHUI WO LANE,Q,32,0,0
TAI PO,DAI HEI STREET,Q,15,0,0
TAI PO,DAI KING STREET,Q,15,0,0
TAI PO,DAI SHING STREET CAR PARK,Q,28,48,28
TAI PO,HA HANG CAR PARK 1 (NEAR TING KOK ROAD),Q,36,0,0
TAI PO,HA HANG CAR PARK 2 (NEAR TING KOK ROAD),Q,30,5,0
TAI PO,HA WONG YI AU CAR PARK,Q,50,0,0
TAI PO,HEI YUEN STREET,Q,4,2,0
TAI PO,HEUNG SZE WUI SQUARE,Q,43,0,0
TAI PO,KAM SHEK NEW VILLAGE CAR PARK,Q,67,9,0
TAI PO,KWONG FUK SQUARE,Q,48,2,0
TAI PO,LO FAI ROAD,Q,19,0,0
TAI PO,MA WO ROAD,Q,8,0,0
TAI PO,NAI CHUNG CAR PARK (NEAR SAI SHA ROAD),Q,49,0,7
TAI PO,PAK SHING STREET CAR PARK,Q,8,3,0
TAI PO,PO HEUNG SQUARE,Q,39,0,0
TAI PO,PO YICK STREET,Q,2,0,0
TAI PO,PO YICK STREET CAR PARK,Q,11,0,0
TAI PO,SAN WA ON LANE,Q,18,0,0
TAI PO,SAN WAI TSAI ROAD CAR PARK,Q,47,0,0
TAI PO,SHAN TONG ROAD,B,29,0,0
TAI PO,SHAN TONG ROAD,Q,18,0,0
TAI PO,SUI ON STREET,Q,7,2,0
TAI PO,TAI MEI TUK CAR PARK,Q,99,0,5
TAI PO,TAI OM ROAD,Q,25,0,0
TAI PO,TAI PO KAU GARDEN CAR PARK (NEAR TAI PO ROAD),Q,6,0,2
TAI PO,TAI PO KAU PARK (NEAR TAI PO ROAD),Q,6,0,0
TAI PO,TAI PO SHUI WAI ROAD CAR PARK,Q,42,0,0
TAI PO,TAI PO SHUI WO ROAD,Q,11,0,0
TAI PO,TAI PO TAU ROAD,Q,0,0,2
TAI PO,TAI PO TAU VILLAGE CAR PARK,Q,20,0,0
TAI PO,TING KOK ROAD,Q,15,0,0
TAI PO,TING LAI ROAD,Q,0,17,0
TAI PO,TING LAI ROAD CAR PARK,Q,18,6,2
TAI PO,TSING YUEN STREET,Q,7,0,0
TAI PO,TUNG FAT SQUARE,Q,22,0,0
TAI PO,TUNG MAU SQUARE,Q,22,0,0
TAI PO,TUNG SAU SQUARE,Q,19,0,0
TAI PO,WAI YAN STREET,Q,10,0,0
TAI PO,WAI YI STREET,Q,9,0,0
TAI PO,WAN TAU KOK LANE,Q,9,0,0
TAI PO,WAN TAU SQUARE,Q,36,2,0
TAI PO,WAN TAU STREET CAR PARK 1,Q,19,6,0
TAI PO,WAN TAU STREET CAR PARK 2,Q,22,0,0
TAI PO,YAN HING STREET,Q,25,0,0
TAI PO,YAU KING LANE,Q,31,2,0
TAI PO,YU ON STREET,Q,7,20,0
TAI PO,YUE KOK CAR PARK,Q,28,3,0
TAI PO,YUNG YI ROAD ,Q,6,0,0
NORTH,CHOI FAI STREET,Q,0,7,0
NORTH,CHOI FAT STREET,Q,14,0,0
NORTH,FAN LENG LAU ROAD,Q,43,0,0
NORTH,FU HING STREET,Q,10,0,0
NORTH,JOCKEY CLUB ROAD,Q,12,0,0
NORTH,KA FU CLOSE,Q,12,13,0
NORTH,LOK YIP ROAD CAR PARK,Q,41,25,2
NORTH,LUEN CHEONG STREET,Q,11,7,0
NORTH,NAM WAI CAR PARK (NEAR SAN WAN ROAD),Q,40,0,0
NORTH,NG UK TSUEN (NEAR PO KIN ROAD) ,Q,11,0,0
NORTH,ON LOK MUN STREET CAR PARK,Q,16,42,0
NORTH,PAK WAI CAR PARK (NEAR JOCKEY CLUB ROAD),Q,41,8,0
NORTH,PAK WO ROAD CAR PARK,Q,26,0,2
NORTH,PING CHE ROAD CAR PARK,Q,18,5,1
NORTH,PO WAN ROAD CAR PARK 1,Q,56,0,0
NORTH,PO WAN ROAD CAR PARK 2,Q,33,8,1
NORTH,PO WING ROAD CAR PARK,Q,69,8,2
NORTH,SAN CHEUNG STREET,Q,11,0,0
NORTH,SAN FUNG AVENUE,Q,0,3,0
NORTH,SAN HONG STREET,P,6,0,0
NORTH,SAN SHING AVENUE,Q,44,4,0
NORTH,SHEUNG SHUI TUNG HING ROAD CAR PARK 1,Q,48,0,0
NORTH,SHEUNG SHUI TUNG HING ROAD CAR PARK 2,Q,57,0,0
NORTH,TSUI LAI CAR PARK (NEAR FUNG NAM ROAD),Q,103,0,0
NORTH,TSUN FU STREET,Q,9,2,0
NORTH,WAH MING LANE,Q,18,0,0
NORTH,WAI HON ROAD CAR PARK,Q,52,6,0
NORTH,WO HING ROAD CAR PARK 1,Q,40,6,0
NORTH,WO HING ROAD CAR PARK 2,Q,33,8,2
NORTH,WO TAI STREET,Q,8,0,0
NORTH,YIP FUNG STREET CAR PARK,Q,16,37,0
SAI KUNG,CHAP FUK ROAD CAR PARK,H,58,7,2
SAI KUNG,CHUI TONG ROAD ,H,10,0,0
SAI KUNG,CHUI TONG ROAD CAR PARK,H,36,10,0
SAI KUNG,CHUN CHEONG STREET CAR PARK,H,20,21,19
SAI KUNG,CHUN WANG STREET CAR PARK,H,0,45,0
SAI KUNG,CLEAR WATER BAY ROAD CAR PARK 1,H,21,0,0
SAI KUNG,CLEAR WATER BAY ROAD CAR PARK 2,H,10,0,0
SAI KUNG,CLEAR WATER BAY SECOND BEACH CAR PARK ,H,66,0,0
SAI KUNG,FUK MAN ROAD CAR PARK,B,0,0,22
SAI KUNG,HEUNG CHUNG ROAD,H,26,3,0
SAI KUNG,HIRAM'S HIGHWAY,H,12,0,0
SAI KUNG,HIRAM'S HIGHWAY (NAM PIN WAI),H,13,0,0
SAI KUNG,HIRAM'S HIGHWAY CAR PARK,H,32,0,0
SAI KUNG,HO CHUNG ROAD,H,10,0,0
SAI KUNG,HONG KIN ROAD ,H,5,0,0
SAI KUNG,HONG TSUEN ROAD,H,0,0,1
SAI KUNG,HONG TSUEN ROAD CAR PARK,H,12,2,0
SAI KUNG,KAU SAI SAN TSUEN ROAD CAR PARK,H,13,0,0
SAI KUNG,KING YIN LANE CAR PARK,H,21,0,0
SAI KUNG,MAN NIN STREET ,H,57,0,0
SAI KUNG,MAN NIN STREET CAR PARK,H,12,0,0
SAI KUNG,NIN CHUN STREET CAR PARK ,H,0,9,0
SAI KUNG,PAK SHA WAN PIER CAR PARK 1,H,33,0,0
SAI KUNG,PAK SHA WAN PIER CAR PARK 2,H,14,0,0
SAI KUNG,PAK WAI CAR PARK (NEAR HIRAM'S HIGHWAY),H,18,2,0
SAI KUNG,PO TUNG ROAD CAR PARK,H,23,3,0
SAI KUNG,SHA KOK MEI ROAD,H,26,0,0
SAI KUNG,SHEK KOK ROAD CAR PARK,H,82,0,0
SAI KUNG,SILVERSTRAND BEACH CAR PARK,B,61,0,3
SAI KUNG,TAI AU MUN ROAD,H,4,0,0
SAI KUNG,TAI CHUNG HAU ROAD,H,9,0,0
SAI KUNG,TAI MONG TSAI CAR PARK,H,14,0,0
SAI KUNG,TAI PO TSAI VILLAGE CAR PARK,H,23,0,0
SAI KUNG,TAN CHEUNG CAR PARK ,H,9,7,0
SAI KUNG,TAN SHAN ROAD CAR PARK,H,8,9,2
SAI KUNG,TIN CHAU ROAD,H,8,0,0
SAI KUNG,TSENG LAN SHUE CAR PARK (NEAR CLEAR WATER BAY ROAD),H,21,0,0
SAI KUNG,WA FUK STREET CAR PARK,H,11,22,0
SAI KUNG,WA YUNG ROAD CAR PARK,H,53,0,0
SAI KUNG,WING LAI ROAD ,H,54,9,0
SAI KUNG,WING LAI ROAD CAR PARK,H,42,9,0
SAI KUNG,YAN YEE ROAD,H,6,0,0
SAI KUNG,YAU YU WAN VILLAGE ROAD CAR PARK,H,22,9,3
SAI KUNG,YI CHUN STREET,H,6,3,0
ISLAND,CHI MA WAN ROAD,H,5,0,0
ISLAND,FU TUNG STREET,H,17,3,8
ISLAND,KEUNG SHAN ROAD,H,10,0,6
ISLAND,MUI WO FERRY PIER ROAD,H,10,0,0
ISLAND,NGAN WAN ROAD,H,4,0,0
ISLAND,NGONG PING PTI CAR PARK,H,21,0,17
ISLAND,PA MEI ROAD CAR PARK 1,H,36,0,0
ISLAND,PA MEI ROAD CAR PARK 2,H,46,0,0
ISLAND,TAT TUNG ROAD,H,5,0,2
ISLAND,TUNG CHUNG WATERFRONT ROAD,H,0,0,4
